test,statistic,p_value
welch_ttest,-3.3821518440479594,0.019851233948734625
ks_2samp,0.8,0.07936507936507936
