test,statistic,p_value
welch_ttest,-0.1973648592313911,0.8496168085777855
ks_2samp,0.8,0.07936507936507936
